-- DiCAS seed data exported from local SQLite
-- Run AFTER schema.sql

-- products
INSERT INTO products (id, name, description, order_qty, order_date, estimated_completion, created_at) VALUES ('ee2ea071-0d5c-4da5-8b8b-f4f4ccaefa3d', 'Pen N', '筆蓋系列', 3000, '2025-02-20', NULL, '2026-05-07 14:16:50') ON CONFLICT (id) DO NOTHING;
INSERT INTO products (id, name, description, order_qty, order_date, estimated_completion, created_at) VALUES ('d6c17e29-1134-479e-94a2-dddaf4e109c0', '名片盒', '鋁合金名片盒', 2000, '2025-05-23', NULL, '2026-05-07 14:16:50') ON CONFLICT (id) DO NOTHING;
INSERT INTO products (id, name, description, order_qty, order_date, estimated_completion, created_at) VALUES ('43ea0aa1-e0e4-4e74-9ff9-0009f7d4a78b', '踩踩獸', '花生組', 5000, '2025-02-20', NULL, '2026-05-07 14:16:50') ON CONFLICT (id) DO NOTHING;
INSERT INTO products (id, name, description, order_qty, order_date, estimated_completion, created_at) VALUES ('d815f11f-9652-4f3a-a7df-59c032b5d625', '刮痧板', '#316/#304不鏽鋼', 5000, '2025-02-20', NULL, '2026-05-07 14:16:50') ON CONFLICT (id) DO NOTHING;

-- parts
INSERT INTO parts (id, product_id, name, sort_order, warehouse_stock, defect_stock, total_defect, total_scrapped) VALUES ('57a3693d-f8ed-4b10-8073-cf99f2cbc755', 'ee2ea071-0d5c-4da5-8b8b-f4f4ccaefa3d', 'L夾', 0, 200, 3, 0, 0) ON CONFLICT (id) DO NOTHING;
INSERT INTO parts (id, product_id, name, sort_order, warehouse_stock, defect_stock, total_defect, total_scrapped) VALUES ('6cd623aa-ad14-4788-ad0b-4b3b8dff140d', 'ee2ea071-0d5c-4da5-8b8b-f4f4ccaefa3d', '筆蓋頂塞', 1, 0, 0, 0, 0) ON CONFLICT (id) DO NOTHING;
INSERT INTO parts (id, product_id, name, sort_order, warehouse_stock, defect_stock, total_defect, total_scrapped) VALUES ('960a37cf-96f1-42da-97a2-da7e3c3ba377', 'ee2ea071-0d5c-4da5-8b8b-f4f4ccaefa3d', '筆蓋', 2, 0, 0, 0, 0) ON CONFLICT (id) DO NOTHING;
INSERT INTO parts (id, product_id, name, sort_order, warehouse_stock, defect_stock, total_defect, total_scrapped) VALUES ('564ef616-565e-452b-8eb9-2b2e37d4687b', 'ee2ea071-0d5c-4da5-8b8b-f4f4ccaefa3d', '木料筆身', 3, 0, 0, 0, 0) ON CONFLICT (id) DO NOTHING;
INSERT INTO parts (id, product_id, name, sort_order, warehouse_stock, defect_stock, total_defect, total_scrapped) VALUES ('51095921-338e-4178-8461-938fe2500e3c', 'ee2ea071-0d5c-4da5-8b8b-f4f4ccaefa3d', '金屬筆管', 4, 0, 0, 0, 0) ON CONFLICT (id) DO NOTHING;
INSERT INTO parts (id, product_id, name, sort_order, warehouse_stock, defect_stock, total_defect, total_scrapped) VALUES ('fc81cc97-f068-431b-bb1a-9105302fbc24', 'ee2ea071-0d5c-4da5-8b8b-f4f4ccaefa3d', '鋁筆首', 5, 0, 0, 0, 0) ON CONFLICT (id) DO NOTHING;
INSERT INTO parts (id, product_id, name, sort_order, warehouse_stock, defect_stock, total_defect, total_scrapped) VALUES ('852c44b5-b887-451b-8421-af44263749e5', 'd6c17e29-1134-479e-94a2-dddaf4e109c0', '底盒', 0, 0, 0, 0, 0) ON CONFLICT (id) DO NOTHING;
INSERT INTO parts (id, product_id, name, sort_order, warehouse_stock, defect_stock, total_defect, total_scrapped) VALUES ('fcb0eae9-2691-4edc-afa1-01705e265241', 'd6c17e29-1134-479e-94a2-dddaf4e109c0', '2孔三角板', 1, 0, 0, 0, 0) ON CONFLICT (id) DO NOTHING;
INSERT INTO parts (id, product_id, name, sort_order, warehouse_stock, defect_stock, total_defect, total_scrapped) VALUES ('d041ebe9-b1a3-432b-bf14-3b2e5e1ed815', 'd6c17e29-1134-479e-94a2-dddaf4e109c0', '單孔三角板', 2, 0, 0, 0, 0) ON CONFLICT (id) DO NOTHING;
INSERT INTO parts (id, product_id, name, sort_order, warehouse_stock, defect_stock, total_defect, total_scrapped) VALUES ('44a57188-2079-47ff-a086-ba69ae035273', '43ea0aa1-e0e4-4e74-9ff9-0009f7d4a78b', '花生主體#6061', 0, 0, 0, 0, 0) ON CONFLICT (id) DO NOTHING;
INSERT INTO parts (id, product_id, name, sort_order, warehouse_stock, defect_stock, total_defect, total_scrapped) VALUES ('b16dd015-6caf-45dc-b54a-219428a7110d', '43ea0aa1-e0e4-4e74-9ff9-0009f7d4a78b', '花生尖頭#304', 1, 0, 0, 0, 0) ON CONFLICT (id) DO NOTHING;
INSERT INTO parts (id, product_id, name, sort_order, warehouse_stock, defect_stock, total_defect, total_scrapped) VALUES ('d262c1ca-95ee-49af-a1db-015be7da81f5', '43ea0aa1-e0e4-4e74-9ff9-0009f7d4a78b', '花生平頭#6061', 2, 0, 0, 0, 0) ON CONFLICT (id) DO NOTHING;
INSERT INTO parts (id, product_id, name, sort_order, warehouse_stock, defect_stock, total_defect, total_scrapped) VALUES ('83284b6a-ee7d-493f-b2d2-d8652f2baa80', 'd815f11f-9652-4f3a-a7df-59c032b5d625', '舒弧#316不鏽鋼', 0, 0, 0, 0, 0) ON CONFLICT (id) DO NOTHING;
INSERT INTO parts (id, product_id, name, sort_order, warehouse_stock, defect_stock, total_defect, total_scrapped) VALUES ('87dad306-2dac-43a9-8335-a96e5e4ca7c8', 'd815f11f-9652-4f3a-a7df-59c032b5d625', '兔兔#304不鏽鋼', 1, 0, 0, 0, 0) ON CONFLICT (id) DO NOTHING;
INSERT INTO parts (id, product_id, name, sort_order, warehouse_stock, defect_stock, total_defect, total_scrapped) VALUES ('ee136fd4-22c8-4564-a51e-9848b825afaa', 'd815f11f-9652-4f3a-a7df-59c032b5d625', '附件#304', 2, 0, 0, 0, 0) ON CONFLICT (id) DO NOTHING;
INSERT INTO parts (id, product_id, name, sort_order, warehouse_stock, defect_stock, total_defect, total_scrapped) VALUES ('dbc76d0c-2c59-409a-bbf9-4bef9c552904', 'd6c17e29-1134-479e-94a2-dddaf4e109c0', '外殼', 0, 0, 0, 0, 0) ON CONFLICT (id) DO NOTHING;

-- workers
INSERT INTO workers (id, name, is_active, created_at) VALUES ('89408902-9586-42c6-8048-cfa7b49dcdf1', '阿明', true, '2026-05-18 08:39:00') ON CONFLICT (id) DO NOTHING;
INSERT INTO workers (id, name, is_active, created_at) VALUES ('39aa29e8-d559-46aa-bfdd-6d9730dc2c97', '小芳', true, '2026-05-18 08:39:00') ON CONFLICT (id) DO NOTHING;
INSERT INTO workers (id, name, is_active, created_at) VALUES ('c6f3e4c5-bb7c-4442-8a36-6d74b612e39c', '阿勗', true, '2026-05-18 08:39:00') ON CONFLICT (id) DO NOTHING;
INSERT INTO workers (id, name, is_active, created_at) VALUES ('686065a7-0a37-40c4-8636-b20e062904a1', '小林', true, '2026-05-18 08:39:00') ON CONFLICT (id) DO NOTHING;

-- part_skus
INSERT INTO part_skus (id, part_id, color_name) VALUES ('1408485d-0469-40b1-9f8d-4b177366aa8e', '57a3693d-f8ed-4b10-8073-cf99f2cbc755', '鈦') ON CONFLICT (id) DO NOTHING;
INSERT INTO part_skus (id, part_id, color_name) VALUES ('6fab8933-b681-4a25-af54-ff9ff39072f0', '57a3693d-f8ed-4b10-8073-cf99f2cbc755', '銀') ON CONFLICT (id) DO NOTHING;
INSERT INTO part_skus (id, part_id, color_name) VALUES ('bef4da36-2997-4f95-8f98-b1917e6c771a', '57a3693d-f8ed-4b10-8073-cf99f2cbc755', '橘') ON CONFLICT (id) DO NOTHING;
INSERT INTO part_skus (id, part_id, color_name) VALUES ('c34051e2-e442-4760-ac88-6f06822c4ee4', '57a3693d-f8ed-4b10-8073-cf99f2cbc755', '藍') ON CONFLICT (id) DO NOTHING;
INSERT INTO part_skus (id, part_id, color_name) VALUES ('c8a9bc02-199d-4cc7-b1f2-70ee2bcd5efb', '6cd623aa-ad14-4788-ad0b-4b3b8dff140d', '鈦') ON CONFLICT (id) DO NOTHING;
INSERT INTO part_skus (id, part_id, color_name) VALUES ('84a46511-ccac-49fe-b8ae-aa14dd2f7245', '6cd623aa-ad14-4788-ad0b-4b3b8dff140d', '銀') ON CONFLICT (id) DO NOTHING;
INSERT INTO part_skus (id, part_id, color_name) VALUES ('0d171ae8-3cda-4b73-9f0a-8aaaeceb6ec7', '6cd623aa-ad14-4788-ad0b-4b3b8dff140d', '黑') ON CONFLICT (id) DO NOTHING;
INSERT INTO part_skus (id, part_id, color_name) VALUES ('8c0733c8-6a85-49fd-82cb-3ba2cf65df34', '960a37cf-96f1-42da-97a2-da7e3c3ba377', '鈦') ON CONFLICT (id) DO NOTHING;
INSERT INTO part_skus (id, part_id, color_name) VALUES ('44bc3b9c-29ec-4cdc-99e5-f493edc73dd8', '960a37cf-96f1-42da-97a2-da7e3c3ba377', '銀') ON CONFLICT (id) DO NOTHING;
INSERT INTO part_skus (id, part_id, color_name) VALUES ('b85a2716-6aca-4fbb-9bae-7c10d9a6e0d7', '564ef616-565e-452b-8eb9-2b2e37d4687b', '胡桃木') ON CONFLICT (id) DO NOTHING;
INSERT INTO part_skus (id, part_id, color_name) VALUES ('0652e8f1-653e-43b9-af5b-700ebfbadeb6', '564ef616-565e-452b-8eb9-2b2e37d4687b', '楓木') ON CONFLICT (id) DO NOTHING;
INSERT INTO part_skus (id, part_id, color_name) VALUES ('6be87575-70c9-40ab-be7f-3e72e2f3cf26', '564ef616-565e-452b-8eb9-2b2e37d4687b', '雞翅木') ON CONFLICT (id) DO NOTHING;
INSERT INTO part_skus (id, part_id, color_name) VALUES ('30b0699e-4374-4048-be02-55542e3bfc78', '51095921-338e-4178-8461-938fe2500e3c', '鈦') ON CONFLICT (id) DO NOTHING;
INSERT INTO part_skus (id, part_id, color_name) VALUES ('0522b4e8-dc1a-4227-93d3-d1a99a9dd853', '51095921-338e-4178-8461-938fe2500e3c', '銀') ON CONFLICT (id) DO NOTHING;
INSERT INTO part_skus (id, part_id, color_name) VALUES ('9335f35f-378e-49bd-92bd-f6fca7be889d', '51095921-338e-4178-8461-938fe2500e3c', '硬膜黑') ON CONFLICT (id) DO NOTHING;
INSERT INTO part_skus (id, part_id, color_name) VALUES ('0b4a2eb2-2360-44da-8869-d65eb8b013f2', 'fc81cc97-f068-431b-bb1a-9105302fbc24', '鈦') ON CONFLICT (id) DO NOTHING;
INSERT INTO part_skus (id, part_id, color_name) VALUES ('8821443e-c928-4c84-a07a-3b6962b3ecb4', 'fc81cc97-f068-431b-bb1a-9105302fbc24', '銀') ON CONFLICT (id) DO NOTHING;
INSERT INTO part_skus (id, part_id, color_name) VALUES ('6832d207-9bb0-4626-8c4e-87807f53e3c1', '852c44b5-b887-451b-8421-af44263749e5', '硬膜鈦') ON CONFLICT (id) DO NOTHING;
INSERT INTO part_skus (id, part_id, color_name) VALUES ('ff092e1c-eb2f-4f1f-96ec-c04788154de8', '852c44b5-b887-451b-8421-af44263749e5', '硬膜銀') ON CONFLICT (id) DO NOTHING;
INSERT INTO part_skus (id, part_id, color_name) VALUES ('e24f5187-abce-488c-b07f-6f9df35299c9', '852c44b5-b887-451b-8421-af44263749e5', '硬膜灰') ON CONFLICT (id) DO NOTHING;
INSERT INTO part_skus (id, part_id, color_name) VALUES ('0d8a9c23-c210-4e94-b8d8-a94ea11e63fc', 'fcb0eae9-2691-4edc-afa1-01705e265241', '硬膜鈦') ON CONFLICT (id) DO NOTHING;
INSERT INTO part_skus (id, part_id, color_name) VALUES ('af406a42-8d55-4cb4-8528-09eb9e726554', 'fcb0eae9-2691-4edc-afa1-01705e265241', '硬膜銀') ON CONFLICT (id) DO NOTHING;
INSERT INTO part_skus (id, part_id, color_name) VALUES ('76b7206c-6cc3-471f-a857-bcec5b517333', 'fcb0eae9-2691-4edc-afa1-01705e265241', '硬膜灰') ON CONFLICT (id) DO NOTHING;
INSERT INTO part_skus (id, part_id, color_name) VALUES ('332679a7-b427-4c98-9fbf-e0efb43077d3', 'd041ebe9-b1a3-432b-bf14-3b2e5e1ed815', '硬膜鈦') ON CONFLICT (id) DO NOTHING;
INSERT INTO part_skus (id, part_id, color_name) VALUES ('fcac5325-f0bc-442c-82fb-8dbca99ac4e7', 'd041ebe9-b1a3-432b-bf14-3b2e5e1ed815', '硬膜銀') ON CONFLICT (id) DO NOTHING;
INSERT INTO part_skus (id, part_id, color_name) VALUES ('d2362ef2-8f09-48af-a907-6b6225919ca9', 'd041ebe9-b1a3-432b-bf14-3b2e5e1ed815', '硬膜灰') ON CONFLICT (id) DO NOTHING;
INSERT INTO part_skus (id, part_id, color_name) VALUES ('5979ab29-f99b-46ff-a66e-f7ff46bd2fbd', '44a57188-2079-47ff-a086-ba69ae035273', '硬膜橘') ON CONFLICT (id) DO NOTHING;
INSERT INTO part_skus (id, part_id, color_name) VALUES ('8b319b23-ea60-44a2-b149-e1977fa2f97c', '44a57188-2079-47ff-a086-ba69ae035273', '硬膜鐵灰') ON CONFLICT (id) DO NOTHING;
INSERT INTO part_skus (id, part_id, color_name) VALUES ('67870818-f63f-4f55-992c-5c990e7b4207', '44a57188-2079-47ff-a086-ba69ae035273', '硬膜銀') ON CONFLICT (id) DO NOTHING;
INSERT INTO part_skus (id, part_id, color_name) VALUES ('36c12817-5cbe-4d0c-8584-75826cfda0dd', 'b16dd015-6caf-45dc-b54a-219428a7110d', '硬膜橘') ON CONFLICT (id) DO NOTHING;
INSERT INTO part_skus (id, part_id, color_name) VALUES ('10ab991f-b2e1-4e0d-b572-4353d7832ca8', 'b16dd015-6caf-45dc-b54a-219428a7110d', '硬膜鐵灰') ON CONFLICT (id) DO NOTHING;
INSERT INTO part_skus (id, part_id, color_name) VALUES ('a69a4c0f-08ed-44b8-ba70-fa80fb5429ca', 'b16dd015-6caf-45dc-b54a-219428a7110d', '硬膜銀') ON CONFLICT (id) DO NOTHING;
INSERT INTO part_skus (id, part_id, color_name) VALUES ('09894842-05d1-42f9-9a63-adc2e3ce6068', 'd262c1ca-95ee-49af-a1db-015be7da81f5', '硬膜橘') ON CONFLICT (id) DO NOTHING;
INSERT INTO part_skus (id, part_id, color_name) VALUES ('ec991ec2-1e81-41bb-ac64-47595aee4218', 'd262c1ca-95ee-49af-a1db-015be7da81f5', '硬膜鐵灰') ON CONFLICT (id) DO NOTHING;
INSERT INTO part_skus (id, part_id, color_name) VALUES ('d28c6925-7429-46d7-96f4-6f61bb96e49d', 'd262c1ca-95ee-49af-a1db-015be7da81f5', '硬膜銀') ON CONFLICT (id) DO NOTHING;
INSERT INTO part_skus (id, part_id, color_name) VALUES ('decc8272-dc4a-435f-aa9c-fbc1907dcba9', '83284b6a-ee7d-493f-b2d2-d8652f2baa80', '亮銀') ON CONFLICT (id) DO NOTHING;
INSERT INTO part_skus (id, part_id, color_name) VALUES ('fec78853-8e09-49d8-9414-ae4c2ec48664', '87dad306-2dac-43a9-8335-a96e5e4ca7c8', '亮銀') ON CONFLICT (id) DO NOTHING;
INSERT INTO part_skus (id, part_id, color_name) VALUES ('7c2f8150-4e4d-4ab4-8e78-bdffdc8636b3', 'ee136fd4-22c8-4564-a51e-9848b825afaa', '亮銀') ON CONFLICT (id) DO NOTHING;
INSERT INTO part_skus (id, part_id, color_name) VALUES ('e4a28f2c-f65c-4bdc-a4b6-dd07872c0781', '83284b6a-ee7d-493f-b2d2-d8652f2baa80', '鈦金') ON CONFLICT (id) DO NOTHING;
INSERT INTO part_skus (id, part_id, color_name) VALUES ('09f5e07c-a678-4a5c-bd9e-27e751b28358', '57a3693d-f8ed-4b10-8073-cf99f2cbc755', '黑') ON CONFLICT (id) DO NOTHING;

-- process_stages
INSERT INTO process_stages (id, part_id, factory_name, action_name, sort_order, in_transit, total_sent, total_returned, total_defect) VALUES ('018a4ab9-876a-46f3-81f9-bab1def9f95e', '57a3693d-f8ed-4b10-8073-cf99f2cbc755', '廠內', 'CNC加工', 0, 0, 5750, 1600, 521) ON CONFLICT (id) DO NOTHING;
INSERT INTO process_stages (id, part_id, factory_name, action_name, sort_order, in_transit, total_sent, total_returned, total_defect) VALUES ('78158a1c-98f4-4f9c-b538-57f3311b5c9d', '57a3693d-f8ed-4b10-8073-cf99f2cbc755', '黑豬鋁', '陽極處理', 1, 0, 0, 0, 0) ON CONFLICT (id) DO NOTHING;
INSERT INTO process_stages (id, part_id, factory_name, action_name, sort_order, in_transit, total_sent, total_returned, total_defect) VALUES ('5a634563-871d-4615-b476-096625c9d861', '57a3693d-f8ed-4b10-8073-cf99f2cbc755', '家佑', '拋光', 2, 0, 0, 0, 0) ON CONFLICT (id) DO NOTHING;
INSERT INTO process_stages (id, part_id, factory_name, action_name, sort_order, in_transit, total_sent, total_returned, total_defect) VALUES ('31585e93-0bd6-4b94-9331-38dff3903c95', '6cd623aa-ad14-4788-ad0b-4b3b8dff140d', '廠內', 'CNC加工', 0, 0, 0, 0, 0) ON CONFLICT (id) DO NOTHING;
INSERT INTO process_stages (id, part_id, factory_name, action_name, sort_order, in_transit, total_sent, total_returned, total_defect) VALUES ('7666e6c5-92c6-4f13-a623-b7d3bd24b0c6', '6cd623aa-ad14-4788-ad0b-4b3b8dff140d', '黑豬鋁', '陽極處理', 1, 0, 0, 0, 0) ON CONFLICT (id) DO NOTHING;
INSERT INTO process_stages (id, part_id, factory_name, action_name, sort_order, in_transit, total_sent, total_returned, total_defect) VALUES ('7f3b6220-8bf6-4ca5-92c4-bd4e5631ff8d', '6cd623aa-ad14-4788-ad0b-4b3b8dff140d', '家佑', '拋光', 2, 0, 0, 0, 0) ON CONFLICT (id) DO NOTHING;
INSERT INTO process_stages (id, part_id, factory_name, action_name, sort_order, in_transit, total_sent, total_returned, total_defect) VALUES ('e02cfc76-055d-4441-a5b7-33bcd8fd2c1f', '960a37cf-96f1-42da-97a2-da7e3c3ba377', '廠內', 'CNC加工', 0, 0, 0, 0, 0) ON CONFLICT (id) DO NOTHING;
INSERT INTO process_stages (id, part_id, factory_name, action_name, sort_order, in_transit, total_sent, total_returned, total_defect) VALUES ('39d7ffba-e415-41e5-baf0-5e9b38519b4c', '960a37cf-96f1-42da-97a2-da7e3c3ba377', '黑豬鋁', '陽極處理', 1, 0, 0, 0, 0) ON CONFLICT (id) DO NOTHING;
INSERT INTO process_stages (id, part_id, factory_name, action_name, sort_order, in_transit, total_sent, total_returned, total_defect) VALUES ('f26318e2-d89a-4be8-80ce-d015a46fb53d', '960a37cf-96f1-42da-97a2-da7e3c3ba377', '家佑', '拋光', 2, 0, 0, 0, 0) ON CONFLICT (id) DO NOTHING;
INSERT INTO process_stages (id, part_id, factory_name, action_name, sort_order, in_transit, total_sent, total_returned, total_defect) VALUES ('ec4e9996-4e8d-4ddc-8644-cd3903844baa', '564ef616-565e-452b-8eb9-2b2e37d4687b', '廠內', 'CNC加工', 0, 0, 0, 0, 0) ON CONFLICT (id) DO NOTHING;
INSERT INTO process_stages (id, part_id, factory_name, action_name, sort_order, in_transit, total_sent, total_returned, total_defect) VALUES ('d823abb9-e3ec-448b-9ccf-67706e008f05', '564ef616-565e-452b-8eb9-2b2e37d4687b', '黑豬鋁', '陽極處理', 1, 0, 0, 0, 0) ON CONFLICT (id) DO NOTHING;
INSERT INTO process_stages (id, part_id, factory_name, action_name, sort_order, in_transit, total_sent, total_returned, total_defect) VALUES ('27b41bff-8560-4d29-b871-f3a729b3c0b9', '564ef616-565e-452b-8eb9-2b2e37d4687b', '家佑', '拋光', 2, 0, 0, 0, 0) ON CONFLICT (id) DO NOTHING;
INSERT INTO process_stages (id, part_id, factory_name, action_name, sort_order, in_transit, total_sent, total_returned, total_defect) VALUES ('b9ddf3de-e08d-42f5-9cf9-f20bb3231538', '51095921-338e-4178-8461-938fe2500e3c', '廠內', 'CNC加工', 0, 0, 0, 0, 0) ON CONFLICT (id) DO NOTHING;
INSERT INTO process_stages (id, part_id, factory_name, action_name, sort_order, in_transit, total_sent, total_returned, total_defect) VALUES ('fc6b3edb-fc14-4516-8caa-04f26c53310f', '51095921-338e-4178-8461-938fe2500e3c', '黑豬鋁', '陽極處理', 1, 0, 0, 0, 0) ON CONFLICT (id) DO NOTHING;
INSERT INTO process_stages (id, part_id, factory_name, action_name, sort_order, in_transit, total_sent, total_returned, total_defect) VALUES ('fa99eec1-0b40-4373-aee5-6c0bd4dcd67c', '51095921-338e-4178-8461-938fe2500e3c', '家佑', '拋光', 2, 0, 0, 0, 0) ON CONFLICT (id) DO NOTHING;
INSERT INTO process_stages (id, part_id, factory_name, action_name, sort_order, in_transit, total_sent, total_returned, total_defect) VALUES ('da4753ae-2d82-4fa4-8b61-26172b97d65a', 'fc81cc97-f068-431b-bb1a-9105302fbc24', '廠內', 'CNC加工', 0, 0, 0, 0, 0) ON CONFLICT (id) DO NOTHING;
INSERT INTO process_stages (id, part_id, factory_name, action_name, sort_order, in_transit, total_sent, total_returned, total_defect) VALUES ('be3bc444-7c17-4ab8-8008-59e44518f8ce', 'fc81cc97-f068-431b-bb1a-9105302fbc24', '黑豬鋁', '陽極處理', 1, 0, 0, 0, 0) ON CONFLICT (id) DO NOTHING;
INSERT INTO process_stages (id, part_id, factory_name, action_name, sort_order, in_transit, total_sent, total_returned, total_defect) VALUES ('2321f84f-1194-43d3-8185-f05476f67c96', 'fc81cc97-f068-431b-bb1a-9105302fbc24', '家佑', '拋光', 2, 0, 0, 0, 0) ON CONFLICT (id) DO NOTHING;
INSERT INTO process_stages (id, part_id, factory_name, action_name, sort_order, in_transit, total_sent, total_returned, total_defect) VALUES ('a1ceef16-90ac-4a2b-a3f7-bddb9128dd00', '852c44b5-b887-451b-8421-af44263749e5', '廠內', 'CNC加工', 0, 0, 5000, 0, 0) ON CONFLICT (id) DO NOTHING;
INSERT INTO process_stages (id, part_id, factory_name, action_name, sort_order, in_transit, total_sent, total_returned, total_defect) VALUES ('813b7d09-b767-4184-b851-711017af5318', '852c44b5-b887-451b-8421-af44263749e5', '黑豬鋁', '陽極處理', 1, 0, 0, 0, 0) ON CONFLICT (id) DO NOTHING;
INSERT INTO process_stages (id, part_id, factory_name, action_name, sort_order, in_transit, total_sent, total_returned, total_defect) VALUES ('2a2d5e15-efb0-44b1-8f58-dfd89779928b', '852c44b5-b887-451b-8421-af44263749e5', '家佑', '拋光', 2, 0, 0, 0, 0) ON CONFLICT (id) DO NOTHING;
INSERT INTO process_stages (id, part_id, factory_name, action_name, sort_order, in_transit, total_sent, total_returned, total_defect) VALUES ('c67bda26-3dde-494f-bb60-4a4e113586d3', 'fcb0eae9-2691-4edc-afa1-01705e265241', '廠內', 'CNC加工', 0, 0, 0, 0, 0) ON CONFLICT (id) DO NOTHING;
INSERT INTO process_stages (id, part_id, factory_name, action_name, sort_order, in_transit, total_sent, total_returned, total_defect) VALUES ('af8c2056-cd62-43c2-8baa-8747e1c85e41', 'fcb0eae9-2691-4edc-afa1-01705e265241', '黑豬鋁', '陽極處理', 1, 0, 0, 0, 0) ON CONFLICT (id) DO NOTHING;
INSERT INTO process_stages (id, part_id, factory_name, action_name, sort_order, in_transit, total_sent, total_returned, total_defect) VALUES ('15973cad-c4a3-4c43-9d6b-16b4af456ae6', 'fcb0eae9-2691-4edc-afa1-01705e265241', '家佑', '拋光', 2, 0, 0, 0, 0) ON CONFLICT (id) DO NOTHING;
INSERT INTO process_stages (id, part_id, factory_name, action_name, sort_order, in_transit, total_sent, total_returned, total_defect) VALUES ('6ff83b95-4bc6-4ce0-9bac-b3770ab36875', 'd041ebe9-b1a3-432b-bf14-3b2e5e1ed815', '廠內', 'CNC加工', 0, 0, 0, 0, 0) ON CONFLICT (id) DO NOTHING;
INSERT INTO process_stages (id, part_id, factory_name, action_name, sort_order, in_transit, total_sent, total_returned, total_defect) VALUES ('09fd722a-fba1-4b67-95cb-8154ec8c3bd6', 'd041ebe9-b1a3-432b-bf14-3b2e5e1ed815', '黑豬鋁', '陽極處理', 1, 0, 0, 0, 0) ON CONFLICT (id) DO NOTHING;
INSERT INTO process_stages (id, part_id, factory_name, action_name, sort_order, in_transit, total_sent, total_returned, total_defect) VALUES ('e00f70c4-c7f2-4baf-8cb6-75a80d6b4b69', 'd041ebe9-b1a3-432b-bf14-3b2e5e1ed815', '家佑', '拋光', 2, 0, 0, 0, 0) ON CONFLICT (id) DO NOTHING;
INSERT INTO process_stages (id, part_id, factory_name, action_name, sort_order, in_transit, total_sent, total_returned, total_defect) VALUES ('1c1a24f6-a396-430d-8e1a-51cd1e72f759', '44a57188-2079-47ff-a086-ba69ae035273', '廠內', 'CNC加工', 0, 0, 300, 0, 0) ON CONFLICT (id) DO NOTHING;
INSERT INTO process_stages (id, part_id, factory_name, action_name, sort_order, in_transit, total_sent, total_returned, total_defect) VALUES ('fca4dbf7-b954-4cd9-8fab-b5a59afefaec', '44a57188-2079-47ff-a086-ba69ae035273', '黑豬鋁', '陽極處理', 1, 0, 0, 0, 0) ON CONFLICT (id) DO NOTHING;
INSERT INTO process_stages (id, part_id, factory_name, action_name, sort_order, in_transit, total_sent, total_returned, total_defect) VALUES ('7f51efc6-221f-45f0-83b0-0d41d7139e15', '44a57188-2079-47ff-a086-ba69ae035273', '家佑', '拋光', 2, 0, 0, 0, 0) ON CONFLICT (id) DO NOTHING;
INSERT INTO process_stages (id, part_id, factory_name, action_name, sort_order, in_transit, total_sent, total_returned, total_defect) VALUES ('a720b252-9cfd-4c47-8c40-dc0558ecd188', 'b16dd015-6caf-45dc-b54a-219428a7110d', '廠內', 'CNC加工', 0, 0, 300, 0, 0) ON CONFLICT (id) DO NOTHING;
INSERT INTO process_stages (id, part_id, factory_name, action_name, sort_order, in_transit, total_sent, total_returned, total_defect) VALUES ('9c6e6c67-d5e9-46b7-88cf-11f41a9f5ab6', 'b16dd015-6caf-45dc-b54a-219428a7110d', '黑豬鋁', '陽極處理', 1, 0, 0, 0, 0) ON CONFLICT (id) DO NOTHING;
INSERT INTO process_stages (id, part_id, factory_name, action_name, sort_order, in_transit, total_sent, total_returned, total_defect) VALUES ('1917ecfe-7e2a-4bd3-8518-405e5a2e387f', 'b16dd015-6caf-45dc-b54a-219428a7110d', '家佑', '拋光', 2, 0, 0, 0, 0) ON CONFLICT (id) DO NOTHING;
INSERT INTO process_stages (id, part_id, factory_name, action_name, sort_order, in_transit, total_sent, total_returned, total_defect) VALUES ('b566410b-9588-430a-858a-1e4ab58ff63b', 'd262c1ca-95ee-49af-a1db-015be7da81f5', '廠內', 'CNC加工', 0, 0, 0, 0, 0) ON CONFLICT (id) DO NOTHING;
INSERT INTO process_stages (id, part_id, factory_name, action_name, sort_order, in_transit, total_sent, total_returned, total_defect) VALUES ('bf72b8a9-7cee-423f-b586-9c59f37e1a87', 'd262c1ca-95ee-49af-a1db-015be7da81f5', '黑豬鋁', '陽極處理', 1, 0, 0, 0, 0) ON CONFLICT (id) DO NOTHING;
INSERT INTO process_stages (id, part_id, factory_name, action_name, sort_order, in_transit, total_sent, total_returned, total_defect) VALUES ('be2b56a6-fe9b-490b-a88c-e3da3ac55cac', 'd262c1ca-95ee-49af-a1db-015be7da81f5', '家佑', '拋光', 2, 0, 0, 0, 0) ON CONFLICT (id) DO NOTHING;
INSERT INTO process_stages (id, part_id, factory_name, action_name, sort_order, in_transit, total_sent, total_returned, total_defect) VALUES ('2fef4c91-e9e2-4a9d-aa4b-61d7d55379aa', '83284b6a-ee7d-493f-b2d2-d8652f2baa80', '廠內', 'CNC加工', 0, 0, 0, 0, 0) ON CONFLICT (id) DO NOTHING;
INSERT INTO process_stages (id, part_id, factory_name, action_name, sort_order, in_transit, total_sent, total_returned, total_defect) VALUES ('7bbe5238-f9ec-4c42-8944-acad99c130dc', '83284b6a-ee7d-493f-b2d2-d8652f2baa80', '黑豬鋁', '陽極處理', 1, 0, 0, 0, 0) ON CONFLICT (id) DO NOTHING;
INSERT INTO process_stages (id, part_id, factory_name, action_name, sort_order, in_transit, total_sent, total_returned, total_defect) VALUES ('7ff38751-9894-4da2-9398-be895126fd44', '83284b6a-ee7d-493f-b2d2-d8652f2baa80', '家佑', '拋光', 2, 0, 0, 0, 0) ON CONFLICT (id) DO NOTHING;
INSERT INTO process_stages (id, part_id, factory_name, action_name, sort_order, in_transit, total_sent, total_returned, total_defect) VALUES ('0584454d-03a9-4291-a0c2-fc03a3d0d4b8', '87dad306-2dac-43a9-8335-a96e5e4ca7c8', '廠內', 'CNC加工', 0, 0, 0, 0, 0) ON CONFLICT (id) DO NOTHING;
INSERT INTO process_stages (id, part_id, factory_name, action_name, sort_order, in_transit, total_sent, total_returned, total_defect) VALUES ('7c972bf7-8d9b-40f5-be40-676c82b4a1e4', '87dad306-2dac-43a9-8335-a96e5e4ca7c8', '黑豬鋁', '陽極處理', 1, 0, 0, 0, 0) ON CONFLICT (id) DO NOTHING;
INSERT INTO process_stages (id, part_id, factory_name, action_name, sort_order, in_transit, total_sent, total_returned, total_defect) VALUES ('de0b1e8a-f913-4415-b353-e5e529ab5085', '87dad306-2dac-43a9-8335-a96e5e4ca7c8', '家佑', '拋光', 2, 0, 0, 0, 0) ON CONFLICT (id) DO NOTHING;
INSERT INTO process_stages (id, part_id, factory_name, action_name, sort_order, in_transit, total_sent, total_returned, total_defect) VALUES ('ee6d74f9-2ebe-4f19-9fa6-31d5daf0906d', 'ee136fd4-22c8-4564-a51e-9848b825afaa', '廠內', 'CNC加工', 0, 0, 0, 0, 0) ON CONFLICT (id) DO NOTHING;
INSERT INTO process_stages (id, part_id, factory_name, action_name, sort_order, in_transit, total_sent, total_returned, total_defect) VALUES ('fba00c94-b3ee-4856-b53d-76dfb3cab128', 'ee136fd4-22c8-4564-a51e-9848b825afaa', '黑豬鋁', '陽極處理', 1, 0, 0, 0, 0) ON CONFLICT (id) DO NOTHING;
INSERT INTO process_stages (id, part_id, factory_name, action_name, sort_order, in_transit, total_sent, total_returned, total_defect) VALUES ('31a6b057-fc0b-49b5-8591-da6357961627', 'ee136fd4-22c8-4564-a51e-9848b825afaa', '家佑', '拋光', 2, 0, 0, 0, 0) ON CONFLICT (id) DO NOTHING;
INSERT INTO process_stages (id, part_id, factory_name, action_name, sort_order, in_transit, total_sent, total_returned, total_defect) VALUES ('7477bd22-1106-4618-a22a-4fa9f564c7ba', '6cd623aa-ad14-4788-ad0b-4b3b8dff140d', '一亭', '可能', 3, 0, 0, 0, 0) ON CONFLICT (id) DO NOTHING;

-- packing_items
INSERT INTO packing_items (id, product_id, name, supplier, stock, month_in, month_out, defect) VALUES ('05bd13e6-9b76-4181-ab7b-67d3c51d2718', '43ea0aa1-e0e4-4e74-9ff9-0009f7d4a78b', '包裝紙罐', '', 0, 0, 0, 0) ON CONFLICT (id) DO NOTHING;
INSERT INTO packing_items (id, product_id, name, supplier, stock, month_in, month_out, defect) VALUES ('f9b7faa3-5a1b-40cf-ad26-b7695f85d673', '43ea0aa1-e0e4-4e74-9ff9-0009f7d4a78b', '車袋（布）', '', 0, 0, 0, 0) ON CONFLICT (id) DO NOTHING;
INSERT INTO packing_items (id, product_id, name, supplier, stock, month_in, month_out, defect) VALUES ('86e8787e-ccae-4521-a7dc-40db3d57b49b', '43ea0aa1-e0e4-4e74-9ff9-0009f7d4a78b', '矽膠墊', '', 0, 0, 0, 0) ON CONFLICT (id) DO NOTHING;
INSERT INTO packing_items (id, product_id, name, supplier, stock, month_in, month_out, defect) VALUES ('c93f2fa6-1104-4980-92f7-069b78e0a2d3', '43ea0aa1-e0e4-4e74-9ff9-0009f7d4a78b', '矽膠圈2.2mm', '', 0, 0, 0, 0) ON CONFLICT (id) DO NOTHING;
INSERT INTO packing_items (id, product_id, name, supplier, stock, month_in, month_out, defect) VALUES ('e31d3765-61e0-4b76-9ce2-12117416d8e4', 'd815f11f-9652-4f3a-a7df-59c032b5d625', '包裝材料', '', 0, 0, 0, 0) ON CONFLICT (id) DO NOTHING;
INSERT INTO packing_items (id, product_id, name, supplier, stock, month_in, month_out, defect) VALUES ('6d62407b-1cd2-4e75-b593-0ec9845438b8', 'd815f11f-9652-4f3a-a7df-59c032b5d625', '車袋（布）', '', 0, 0, 0, 0) ON CONFLICT (id) DO NOTHING;
INSERT INTO packing_items (id, product_id, name, supplier, stock, month_in, month_out, defect) VALUES ('62472892-e85e-4106-a922-172880eea373', 'd815f11f-9652-4f3a-a7df-59c032b5d625', '矽膠墊', '', 0, 0, 0, 0) ON CONFLICT (id) DO NOTHING;
INSERT INTO packing_items (id, product_id, name, supplier, stock, month_in, month_out, defect) VALUES ('4937d80a-4a06-4673-8d5f-d9a665dec0b4', 'd815f11f-9652-4f3a-a7df-59c032b5d625', '矽膠圈2.2mm', '', 0, 0, 0, 0) ON CONFLICT (id) DO NOTHING;

-- receive_logs
INSERT INTO receive_logs (id, product_id, part_id, stage_id, sku_color, action_type, qty, defect_qty, note, worker_id, logged_at) VALUES ('1abed07e-370d-4ef2-874b-cd4b3dfe1c85', 'd6c17e29-1134-479e-94a2-dddaf4e109c0', '852c44b5-b887-451b-8421-af44263749e5', NULL, '硬膜鈦', 'receive', 50, 0, '', NULL, '2026-05-13 12:55:30') ON CONFLICT (id) DO NOTHING;
INSERT INTO receive_logs (id, product_id, part_id, stage_id, sku_color, action_type, qty, defect_qty, note, worker_id, logged_at) VALUES ('4280fdcf-9f47-4a9a-820c-edb3438d6a76', 'd6c17e29-1134-479e-94a2-dddaf4e109c0', '852c44b5-b887-451b-8421-af44263749e5', NULL, '硬膜鈦', 'receive', 100, 0, '', NULL, '2026-05-13 12:55:36') ON CONFLICT (id) DO NOTHING;
INSERT INTO receive_logs (id, product_id, part_id, stage_id, sku_color, action_type, qty, defect_qty, note, worker_id, logged_at) VALUES ('7d283aaf-5338-4dc8-b20b-37618363917b', 'd6c17e29-1134-479e-94a2-dddaf4e109c0', '852c44b5-b887-451b-8421-af44263749e5', NULL, '硬膜鈦', 'receive', 500, 0, '', NULL, '2026-05-15 15:02:47') ON CONFLICT (id) DO NOTHING;
INSERT INTO receive_logs (id, product_id, part_id, stage_id, sku_color, action_type, qty, defect_qty, note, worker_id, logged_at) VALUES ('d027bbbb-e60d-4bc6-b153-be39d9a02533', 'd6c17e29-1134-479e-94a2-dddaf4e109c0', '852c44b5-b887-451b-8421-af44263749e5', NULL, '硬膜鈦', 'receive', 500, 0, '', NULL, '2026-05-15 15:02:55') ON CONFLICT (id) DO NOTHING;
INSERT INTO receive_logs (id, product_id, part_id, stage_id, sku_color, action_type, qty, defect_qty, note, worker_id, logged_at) VALUES ('6573bf9e-9107-4b61-b8cc-2099ad44fc01', '43ea0aa1-e0e4-4e74-9ff9-0009f7d4a78b', 'b16dd015-6caf-45dc-b54a-219428a7110d', NULL, '硬膜橘', 'receive', 500, 0, '', NULL, '2026-05-15 15:32:44') ON CONFLICT (id) DO NOTHING;
INSERT INTO receive_logs (id, product_id, part_id, stage_id, sku_color, action_type, qty, defect_qty, note, worker_id, logged_at) VALUES ('0bc0dc52-85af-4a45-bb13-7f46009aa1e2', '43ea0aa1-e0e4-4e74-9ff9-0009f7d4a78b', 'b16dd015-6caf-45dc-b54a-219428a7110d', NULL, '硬膜橘', 'send', 300, 0, '', NULL, '2026-05-15 15:33:00') ON CONFLICT (id) DO NOTHING;
INSERT INTO receive_logs (id, product_id, part_id, stage_id, sku_color, action_type, qty, defect_qty, note, worker_id, logged_at) VALUES ('38104432-2215-48c9-9f0e-db4b7676b3e9', '43ea0aa1-e0e4-4e74-9ff9-0009f7d4a78b', '44a57188-2079-47ff-a086-ba69ae035273', NULL, '硬膜鐵灰', 'receive', 500, 0, '', NULL, '2026-05-15 15:33:51') ON CONFLICT (id) DO NOTHING;
INSERT INTO receive_logs (id, product_id, part_id, stage_id, sku_color, action_type, qty, defect_qty, note, worker_id, logged_at) VALUES ('1e002a03-0c37-4e4a-91a1-23c674196040', '43ea0aa1-e0e4-4e74-9ff9-0009f7d4a78b', '44a57188-2079-47ff-a086-ba69ae035273', NULL, '硬膜鐵灰', 'send', 300, 0, '', NULL, '2026-05-15 15:34:18') ON CONFLICT (id) DO NOTHING;
INSERT INTO receive_logs (id, product_id, part_id, stage_id, sku_color, action_type, qty, defect_qty, note, worker_id, logged_at) VALUES ('813177a8-bab2-46a6-bfaa-c0e3f2808a24', 'd6c17e29-1134-479e-94a2-dddaf4e109c0', '852c44b5-b887-451b-8421-af44263749e5', NULL, '硬膜鈦', 'send', 5000, 0, '', NULL, '2026-05-15 16:20:04') ON CONFLICT (id) DO NOTHING;
INSERT INTO receive_logs (id, product_id, part_id, stage_id, sku_color, action_type, qty, defect_qty, note, worker_id, logged_at) VALUES ('dd8e06fd-9bb5-4cdd-bdf3-b2843c426cbd', 'd6c17e29-1134-479e-94a2-dddaf4e109c0', 'fcb0eae9-2691-4edc-afa1-01705e265241', NULL, '硬膜鈦', 'receive', 800, 0, '', NULL, '2026-05-16 08:31:49') ON CONFLICT (id) DO NOTHING;

-- designer_tokens
INSERT INTO designer_tokens (id, token, product_id, label, created_at) VALUES ('4abe0c6f-1c4a-4fee-a1e8-b619575dfae2', '19267878f11a468bb80baaaab2c5a81a', 'd6c17e29-1134-479e-94a2-dddaf4e109c0', '', '2026-05-13 12:55:53') ON CONFLICT (id) DO NOTHING;
INSERT INTO designer_tokens (id, token, product_id, label, created_at) VALUES ('2de7dc0e-84ec-48d5-9fc4-edacaaa2e7a3', '54b336d887af45d393cfce74ca326db2', 'ee2ea071-0d5c-4da5-8b8b-f4f4ccaefa3d', 'Cumei Studio', '2026-05-13 13:00:31') ON CONFLICT (id) DO NOTHING;
INSERT INTO designer_tokens (id, token, product_id, label, created_at) VALUES ('7db8c19b-d7a4-42da-941f-fe4864e7a16c', 'c002a4583d684d45a27c01dfaa15bbe7', '43ea0aa1-e0e4-4e74-9ff9-0009f7d4a78b', 'Dicas', '2026-05-13 14:41:17') ON CONFLICT (id) DO NOTHING;

